step,update,seed,mean_episode_return
65536,2,0,0.0480065830051898
131072,3,0,0.0623898394405841
196608,4,0,0.082053929567337
262144,5,0,0.0987633392214775
327680,6,0,0.0705831050872802
393216,7,0,0.0625138580799102
458752,8,0,0.0906941294670105
524288,9,0,0.1070769131183624
589824,10,0,0.123327612876892
655360,11,0,0.1408292353153228
720896,12,0,0.156645119190216
786432,13,0,0.1371293365955352
851968,14,0,0.1896391957998275
917504,15,0,0.1853642910718917
983040,16,0,0.1916510760784149
1048576,17,0,0.1785159111022949
1114112,18,0,0.2121284902095794
1179648,19,0,0.2281648814678192
1245184,20,0,0.2293621897697448
1310720,21,0,0.2659993171691894
1376256,22,0,0.2789530456066131
1441792,23,0,0.3146761655807495
1507328,24,0,0.3406085968017578
1572864,25,0,0.3910414576530456
1638400,26,0,0.4415925741195678
1703936,27,0,0.4658933281898498
1769472,28,0,0.5042903423309326
1835008,29,0,0.4985516667366028
1900544,30,0,0.535669207572937
1966080,31,0,0.5799775123596191
2031616,32,0,0.6275529861450195
2097152,33,0,0.6793752312660217
2162688,34,0,0.7055939435958862
2228224,35,0,0.7403597831726074
2293760,36,0,0.7591785192489624
2359296,37,0,0.7736382484436035
2424832,38,0,0.8009706735610962
2490368,39,0,0.8054134845733643
2555904,40,0,0.8127692937850952
2621440,41,0,0.8286440372467041
2686976,42,0,0.8428338766098022
2752512,43,0,0.8598301410675049
2818048,44,0,0.8451303839683533
2883584,45,0,0.860602855682373
2949120,46,0,0.8766645789146423
3014656,47,0,0.8624372482299805
3080192,48,0,0.8686771988868713
3145728,49,0,0.886359691619873
3211264,50,0,0.8897713422775269
3276800,51,0,0.8750922679901123
3342336,52,0,0.889003336429596
3407872,53,0,0.860755205154419
3473408,54,0,0.8756389617919922
3538944,55,0,0.6357292532920837
3604480,56,0,0.6252518892288208
3670016,57,0,0.6901726126670837
3735552,58,0,0.7643146514892578
3801088,59,0,0.8210915923118591
3866624,60,0,0.8572468757629395
3932160,61,0,0.8644286394119263
3997696,62,0,0.8874378204345703
4063232,63,0,0.8810054063796997
4128768,64,0,0.8997212648391724
4194304,65,0,0.8758983612060547
4259840,66,0,0.8902187347412109
4325376,67,0,0.8919247388839722
4390912,68,0,0.8791790008544922
4456448,69,0,0.8983281850814819
4521984,70,0,0.9039784073829652
4587520,71,0,0.8956069946289062
4653056,72,0,0.8945973515510559
4718592,73,0,0.8814105987548828
4784128,74,0,0.873342752456665
4849664,75,0,0.8881990909576416
4915200,76,0,0.8920149207115173
4980736,77,0,0.8925818204879761
5046272,78,0,0.8819124102592468
5111808,79,0,0.8895984292030334
5177344,80,0,0.9127526879310608
5242880,81,0,0.8925320506095886
5308416,82,0,0.8857539892196655
5373952,83,0,0.8981369137763977
5439488,84,0,0.8938292264938354
5505024,85,0,0.8761038184165955
5570560,86,0,0.8975881934165955
5636096,87,0,0.9110499620437622
5701632,88,0,0.900993287563324
5767168,89,0,0.9111427664756776
5832704,90,0,0.9087018370628356
5898240,91,0,0.89756178855896
5963776,92,0,0.8533416986465454
6029312,93,0,0.8680486679077148
6094848,94,0,0.8905799388885498
6160384,95,0,0.8846948146820068
6225920,96,0,0.9124842882156372
6291456,97,0,0.8928280472755432
6356992,98,0,0.8945695161819458
6422528,99,0,0.8804752826690674
6488064,100,0,0.8998592495918274
6553600,101,0,0.8949924111366272
6619136,102,0,0.8927634954452515
6684672,103,0,0.899535596370697
6750208,104,0,0.9138985872268676
6815744,105,0,0.9049777388572692
6881280,107,0,0.8990054130554199
6946816,108,0,0.8719169497489929
7012352,109,0,0.8801672458648682
7077888,110,0,0.8820922374725342
7143424,111,0,0.893266499042511
7208960,112,0,0.8875615000724792
7274496,113,0,0.8998776078224182
7340032,114,0,0.8950128555297852
7405568,115,0,0.8896350860595703
7471104,116,0,0.8977492451667786
7536640,117,0,0.8436339497566223
7602176,118,0,0.8768507242202759
7667712,119,0,0.8992024660110474
7733248,120,0,0.90120130777359
7798784,121,0,0.8692261576652527
7864320,122,0,0.8936468362808228
7929856,123,0,0.9112921953201294
7995392,124,0,0.8807113170623779
8060928,125,0,0.8949084877967834
8126464,126,0,0.886258065700531
8192000,127,0,0.8905377984046936
8257536,128,0,0.880044162273407
8323072,129,0,0.9136749505996704
8388608,130,0,0.892439603805542
8454144,131,0,0.9081442952156068
8519680,132,0,0.8964822888374329
8585216,133,0,0.9156469702720642
8650752,134,0,0.9080780744552612
8716288,135,0,0.9150955677032472
8781824,136,0,0.9046090245246888
8847360,137,0,0.9119952917099
8912896,138,0,0.914546012878418
8978432,139,0,0.87394118309021
9043968,140,0,0.9091439247131348
9109504,141,0,0.9045215249061584
9175040,142,0,0.9079983234405518
9240576,143,0,0.9015401601791382
9306112,144,0,0.9055536389350892
9371648,145,0,0.8736646771430969
9437184,146,0,0.9025630354881288
9502720,147,0,0.9161232709884644
9568256,148,0,0.8948017358779907
9633792,149,0,0.9022310972213744
9699328,150,0,0.8931880593299866
9764864,151,0,0.8727322816848755
9830400,152,0,0.8674641847610474
9895936,153,0,0.882753312587738
9961472,154,0,0.8850036859512329
10027008,155,0,0.9008381962776184
10092544,156,0,0.9127216339111328
10158080,157,0,0.9010668396949768
10223616,158,0,0.8869127631187439
10289152,159,0,0.8975861668586731
10354688,160,0,0.8933852314949036
10420224,161,0,0.8979522585868835
10485760,162,0,0.7562496662139893
10551296,163,0,0.7365228533744812
10616832,164,0,0.7934027910232544
10682368,165,0,0.8255006074905396
10747904,166,0,0.8639324307441711
10813440,167,0,0.8791117072105408
10878976,168,0,0.8939099311828613
10944512,169,0,0.8788831830024719
11010048,170,0,0.8873087763786316
11075584,171,0,0.8924926519393921
11141120,172,0,0.8719993233680725
11206656,173,0,0.8991315960884094
11272192,174,0,0.9036829471588136
11337728,175,0,0.9153505563735962
11403264,176,0,0.9095399975776672
11468800,177,0,0.896889328956604
11534336,178,0,0.8915222883224487
11599872,179,0,0.9049407243728638
11665408,180,0,0.9232649207115172
11730944,181,0,0.9170498251914978
11796480,182,0,0.8991500735282898
11862016,183,0,0.901178240776062
11927552,184,0,0.9156385660171508
11993088,185,0,0.9186091423034668
12058624,186,0,0.9055854082107544
12124160,187,0,0.9207714200019836
12189696,188,0,0.9193565249443054
12255232,189,0,0.9190059900283812
12320768,190,0,0.9018660187721252
12386304,191,0,0.9153221845626832
12451840,192,0,0.9102155566215516
12517376,193,0,0.9232163429260254
12582912,194,0,0.9035701751708984
12648448,195,0,0.9022185206413268
12713984,196,0,0.903296709060669
12779520,197,0,0.9182336926460266
12845056,199,0,0.902965247631073
12910592,200,0,0.9091407656669616
12976128,201,0,0.9160633683204652
13041664,202,0,0.9065940380096436
13107200,203,0,0.9127100706100464
13172736,204,0,0.7950619459152222
13238272,205,0,0.859209418296814
13303808,206,0,0.853813886642456
13369344,207,0,0.8728032112121582
13434880,208,0,0.8748415112495422
13500416,209,0,0.8581466674804688
13565952,210,0,0.8937487006187439
13631488,211,0,0.9089506268501282
13697024,212,0,0.916975736618042
13762560,213,0,0.9051761031150818
13828096,214,0,0.8987075090408325
13893632,215,0,0.8948001861572266
13959168,216,0,0.8733384609222412
14024704,217,0,0.907273292541504
14090240,218,0,0.8744151592254639
14155776,219,0,0.9144881963729858
14221312,220,0,0.9261881113052368
14286848,221,0,0.936591863632202
14352384,222,0,0.9248125553131104
14417920,223,0,0.8660247921943665
14483456,224,0,0.8656318783760071
14548992,225,0,0.8955429792404175
14614528,226,0,0.9008907675743104
14680064,227,0,0.9076237678527832
14745600,228,0,0.9201019406318665
14811136,229,0,0.9211933612823486
14876672,230,0,0.9298927783966064
14942208,231,0,0.9175199270248412
15007744,232,0,0.9260324239730836
15073280,233,0,0.925842821598053
15138816,234,0,0.907110035419464
15204352,235,0,0.914322316646576
15269888,236,0,0.9106090664863586
15335424,237,0,0.9228501319885254
15400960,238,0,0.91038978099823
15466496,239,0,0.9236226677894592
15532032,240,0,0.8788343667984009
15597568,241,0,0.8819479942321777
15663104,242,0,0.8887131810188293
15728640,243,0,0.8772379159927368
15794176,244,0,0.8974993824958801
15859712,245,0,0.8820813298225403
15925248,246,0,0.8726920485496521
15990784,247,0,0.8969383239746094
16056320,248,0,0.8813940286636353
16121856,249,0,0.8951734304428101
16187392,250,0,0.8917889595031738
16252928,251,0,0.9065136909484864
16318464,252,0,0.910187602043152
16384000,253,0,0.9241175651550292
16449536,254,0,0.905056357383728
16515072,255,0,0.9343746304512024
16580608,256,0,0.9198941588401794
16646144,257,0,0.90719074010849
16711680,258,0,0.9098185300827026
16777216,259,0,0.918440282344818
16842752,260,0,0.8946340084075928
16908288,261,0,0.9142240285873412
16973824,262,0,0.924675464630127
17039360,263,0,0.9280410408973694
17104896,264,0,0.9185904264450072
17170432,265,0,0.8847562074661255
17235968,266,0,0.9012162685394288
17301504,267,0,0.9248762130737304
17367040,268,0,0.9248831272125244
17432576,269,0,0.9292181730270386
17498112,270,0,0.9073173999786376
17563648,271,0,0.925004541873932
17629184,272,0,0.9234991669654846
17694720,273,0,0.9153707027435304
17760256,274,0,0.9120514988899232
17825792,275,0,0.9227495193481444
17891328,276,0,0.9291027784347534
17956864,277,0,0.9137582778930664
18022400,278,0,0.9289845824241638
18087936,279,0,0.9131577014923096
18153472,280,0,0.9208884239196776
18219008,281,0,0.9146048426628112
18284544,282,0,0.933776080608368
18350080,283,0,0.9223394989967346
18415616,284,0,0.928151786327362
18481152,285,0,0.9272412061691284
18546688,286,0,0.936955749988556
18612224,287,0,0.9243555665016174
18677760,288,0,0.9100208878517152
18743296,289,0,0.9261547923088074
18808832,291,0,0.936000406742096
18874368,292,0,0.9195465445518494
18939904,293,0,0.927804470062256
19005440,294,0,0.9302974939346312
19070976,295,0,0.9176307320594788
19136512,296,0,0.9069467186927797
19202048,297,0,0.9203982949256896
19267584,298,0,0.9162105917930604
19333120,299,0,0.920851707458496
19398656,300,0,0.921330749988556
19464192,301,0,0.9162327647209167
19529728,302,0,0.9320809245109558
19595264,303,0,0.9212487936019896
19660800,304,0,0.9131339192390442
19726336,305,0,0.9246351718902588
19791872,306,0,0.9218581318855286
19857408,307,0,0.9074482917785645
19922944,308,0,0.8699201345443726
19988480,309,0,0.8749034404754639
20054016,310,0,0.8921339511871338
20119552,311,0,0.9061106443405152
20185088,312,0,0.9261679649353028
20250624,313,0,0.9258294701576232
20316160,314,0,0.9306787252426147
20381696,315,0,0.9140512347221376
20447232,316,0,0.9235965609550476
20512768,317,0,0.915843427181244
20578304,318,0,0.9203438758850098
20643840,319,0,0.9221932888031006
20709376,320,0,0.9196439385414124
20774912,321,0,0.9011930823326112
20840448,322,0,0.9367689490318298
20905984,323,0,0.9277246594429016
20971520,324,0,0.9447104930877686
21037056,325,0,0.9361343383789062
21102592,326,0,0.930996835231781
21168128,327,0,0.9233767986297609
21233664,328,0,0.92012757062912
21299200,329,0,0.9177281856536864
21364736,330,0,0.935130536556244
21430272,331,0,0.9305225014686584
21495808,332,0,0.9043562412261964
21561344,333,0,0.919036626815796
21626880,334,0,0.9362022876739502
21692416,335,0,0.9334888458251952
21757952,336,0,0.9365835189819336
21823488,337,0,0.92846018075943
21889024,338,0,0.9173679947853088
21954560,339,0,0.9194679260253906
22020096,340,0,0.9373204708099364
22085632,341,0,0.9118173718452454
22151168,342,0,0.9222904443740844
22216704,343,0,0.9162175059318542
22282240,344,0,0.9229062795639038
22347776,345,0,0.9291933178901672
22413312,346,0,0.927384316921234
22478848,347,0,0.9234024286270142
22544384,348,0,0.9260420203208924
22609920,349,0,0.914413034915924
22675456,350,0,0.9123448729515076
22740992,351,0,0.9166463017463684
22806528,352,0,0.9355273842811584
22872064,353,0,0.9208634495735168
22937600,354,0,0.9349961280822754
23003136,355,0,0.932612955570221
23068672,356,0,0.9289944767951964
23134208,357,0,0.9194773435592652
23199744,358,0,0.9204238653182985
23265280,359,0,0.9259480237960817
23330816,360,0,0.9190720319747924
23396352,361,0,0.9175411462783812
23461888,362,0,0.9302700757980348
23527424,363,0,0.932004988193512
23592960,364,0,0.914196252822876
23658496,365,0,0.9273839592933656
23724032,366,0,0.9283172488212584
23789568,367,0,0.9325180053710938
23855104,368,0,0.9310430884361268
23920640,369,0,0.940993070602417
23986176,370,0,0.9320015907287598
24051712,371,0,0.9365865588188172
24117248,372,0,0.9187778234481812
24182784,373,0,0.921537220478058
24248320,374,0,0.9116231203079224
24313856,375,0,0.9130290746688844
24379392,376,0,0.9113224744796752
24444928,378,0,0.916107177734375
24510464,379,0,0.9336535334587096
24576000,380,0,0.9407389760017396
24641536,381,0,0.9111253023147584
24707072,382,0,0.9123773574829102
24772608,383,0,0.9095817804336548
24838144,384,0,0.9290903210639954
24903680,385,0,0.9162858128547668
24969216,386,0,0.9111176133155824
25034752,387,0,0.9323396682739258
25100288,388,0,0.9247461557388306
25165824,389,0,0.9214543104171752
25231360,390,0,0.9181010723114014
25296896,391,0,0.8952351808547974
25362432,392,0,0.906596839427948
25427968,393,0,0.9204216599464417
25493504,394,0,0.918490469455719
25559040,395,0,0.9208976030349731
25624576,396,0,0.9106343388557434
25690112,397,0,0.919963002204895
25755648,398,0,0.912770926952362
25821184,399,0,0.9075594544410706
25886720,400,0,0.9210253953933716
25952256,401,0,0.9045088291168212
26017792,402,0,0.9208073616027832
26083328,403,0,0.9123255610466005
26148864,404,0,0.9025631546974182
26214400,405,0,0.9167613983154296
26279936,406,0,0.9043601751327516
26345472,407,0,0.9148350358009338
26411008,408,0,0.9261327385902404
26476544,409,0,0.9081569314002992
26542080,410,0,0.9177585244178772
26607616,411,0,0.9198910593986512
26673152,412,0,0.9165661334991456
26738688,413,0,0.9214693307876588
26804224,414,0,0.9370779395103456
26869760,415,0,0.9157899022102356
26935296,416,0,0.9204465746879578
27000832,417,0,0.9273435473442078
27066368,418,0,0.9095523953437804
27131904,419,0,0.9254058003425598
27197440,420,0,0.923687756061554
27262976,421,0,0.9201812148094176
27328512,422,0,0.9182140231132508
27394048,423,0,0.9053112864494324
27459584,424,0,0.916964590549469
27525120,425,0,0.9155980348587036
27590656,426,0,0.9165996313095092
27656192,427,0,0.9222002029418944
27721728,428,0,0.9164760112762452
27787264,429,0,0.9240086674690248
27852800,430,0,0.9027255177497864
27918336,431,0,0.9132254719734192
27983872,432,0,0.9189364314079284
28049408,433,0,0.9368287324905396
28114944,434,0,0.9266127347946168
28180480,435,0,0.9277441501617432
28246016,436,0,0.9095330238342284
28311552,437,0,0.926150381565094
28377088,438,0,0.9258098006248474
28442624,439,0,0.936420738697052
28508160,440,0,0.9281978011131288
28573696,441,0,0.9271103739738464
28639232,442,0,0.9265994429588318
28704768,443,0,0.9172561764717102
28770304,444,0,0.9234243631362916
28835840,445,0,0.9184853434562684
28901376,446,0,0.921867847442627
28966912,447,0,0.8997602462768555
29032448,448,0,0.9141026735305786
29097984,449,0,0.9174176454544068
29163520,450,0,0.9201681017875672
29229056,451,0,0.9255226254463196
29294592,452,0,0.9319608807563782
29360128,453,0,0.918243408203125
29425664,454,0,0.916520059108734
29491200,455,0,0.9196805953979492
29556736,456,0,0.9073081016540528
29622272,457,0,0.9030343294143676
29687808,458,0,0.9106360077857972
29753344,459,0,0.9064417481422424
29818880,460,0,0.9101389646530152
29884416,461,0,0.9069400429725648
29949952,462,0,0.92136549949646
30015488,463,0,0.9220555424690248
30081024,464,0,0.924836277961731
30146560,465,0,0.9254350066184998
30212096,466,0,0.9105108380317688
30277632,467,0,0.9198743104934692
30343168,469,0,0.922384798526764
30408704,470,0,0.9045780301094056
30474240,471,0,0.9213175177574158
30539776,472,0,0.9295371174812316
30605312,473,0,0.9228249788284302
30670848,474,0,0.9270451664924622
30736384,475,0,0.9146641492843628
30801920,476,0,0.92726331949234
30867456,477,0,0.9029078483581544
30932992,478,0,0.9166794419288636
30998528,479,0,0.9214911460876464
31064064,480,0,0.9240846037864684
31129600,481,0,0.9135587811470032
31195136,482,0,0.9223127365112304
31260672,483,0,0.9186660647392272
31326208,484,0,0.9217250347137452
31391744,485,0,0.9349455237388612
31457280,486,0,0.912447154521942
31522816,487,0,0.8355259895324707
31588352,488,0,0.8671457767486572
31653888,489,0,0.8911340236663818
31719424,490,0,0.8979183435440063
31784960,491,0,0.9225473403930664
31850496,492,0,0.9319063425064088
31916032,493,0,0.9249969720840454
31981568,494,0,0.9244160056114196
32047104,495,0,0.920351505279541
65536,2,2,0.0623135305941104
131072,3,2,0.0637857690453529
196608,4,2,0.0765601620078086
262144,5,2,0.1048810482025146
327680,6,2,0.0726002231240272
393216,7,2,0.0950228124856948
458752,8,2,0.1114843040704727
524288,9,2,0.1199013218283653
589824,10,2,0.1003359407186508
655360,11,2,0.1149156093597412
720896,12,2,0.1507347971200943
786432,13,2,0.1524578928947448
851968,14,2,0.1683863550424575
917504,15,2,0.1746647208929062
983040,16,2,0.2139991819858551
1048576,17,2,0.1928621232509613
1114112,18,2,0.2139034867286682
1179648,19,2,0.2298192381858825
1245184,20,2,0.2227409482002258
1310720,21,2,0.2236887812614441
1376256,22,2,0.2209325134754181
1441792,23,2,0.2580216825008392
1507328,24,2,0.2611286342144012
1572864,25,2,0.269538015127182
1638400,26,2,0.3207577764987945
1703936,27,2,0.3504919707775116
1769472,28,2,0.3620002865791321
1835008,29,2,0.4279569983482361
1900544,30,2,0.4743729829788208
1966080,31,2,0.5594834685325623
2031616,32,2,0.5981755256652832
2097152,33,2,0.6349639892578125
2162688,34,2,0.7240443825721741
2228224,35,2,0.7471789121627808
2293760,36,2,0.7652697563171387
2359296,37,2,0.8035259246826172
2424832,38,2,0.8064919710159302
2490368,39,2,0.8321977853775024
2555904,40,2,0.8339602947235107
2621440,41,2,0.8722370862960815
2686976,42,2,0.852247953414917
2752512,43,2,0.8543716073036194
2818048,44,2,0.8796713352203369
2883584,45,2,0.8831104040145874
2949120,46,2,0.8535536527633667
3014656,47,2,0.8848748803138733
3080192,48,2,0.8855199813842773
3145728,49,2,0.8951089382171631
3211264,50,2,0.902796745300293
3276800,51,2,0.9006615877151489
3342336,52,2,0.8901025056838989
3407872,53,2,0.8835213780403137
3473408,54,2,0.8952324390411377
3538944,55,2,0.9182679653167723
3604480,56,2,0.8993619084358215
3670016,57,2,0.9327665567398072
3735552,58,2,0.9285074472427368
3801088,59,2,0.9136978983879088
3866624,60,2,0.9056726694107056
3932160,61,2,0.9208567142486572
3997696,62,2,0.919830858707428
4063232,63,2,0.9156917333602904
4128768,64,2,0.9210655689239502
4194304,65,2,0.9212038516998292
4259840,66,2,0.9166664481163024
4325376,67,2,0.9265814423561096
4390912,68,2,0.8751798272132874
4456448,69,2,0.8718838691711426
4521984,70,2,0.8569459915161133
4587520,71,2,0.9007346034049988
4653056,72,2,0.9046134948730468
4718592,73,2,0.9182653427124025
4784128,74,2,0.9243721961975098
4849664,75,2,0.900792121887207
4915200,76,2,0.9121648073196412
4980736,77,2,0.895649790763855
5046272,78,2,0.8924163579940796
5111808,79,2,0.8391199707984924
5177344,80,2,0.7901601195335388
5242880,81,2,0.7898132801055908
5308416,82,2,0.80234295129776
5373952,83,2,0.8465125560760498
5439488,84,2,0.8886652588844299
5505024,85,2,0.8986929655075073
5570560,86,2,0.8919212222099304
5636096,87,2,0.9018967747688292
5701632,88,2,0.913827121257782
5767168,89,2,0.9041127562522888
5832704,90,2,0.9090203642845154
5898240,91,2,0.9070194363594056
5963776,92,2,0.8964831233024597
6029312,93,2,0.90139240026474
6094848,94,2,0.9194302558898926
6160384,95,2,0.9001099467277527
6225920,96,2,0.9131601452827454
6291456,97,2,0.895795464515686
6356992,98,2,0.9035021066665648
6422528,99,2,0.9017054438591005
6488064,100,2,0.8964475393295288
6553600,101,2,0.9017545580863952
6619136,102,2,0.9056859016418456
6684672,103,2,0.8803990483283997
6750208,104,2,0.7811922430992126
6815744,105,2,0.7592505812644958
6881280,107,2,0.7700621485710144
6946816,108,2,0.7748252749443054
7012352,109,2,0.7622905373573303
7077888,110,2,0.7703458070755005
7143424,111,2,0.7533212900161743
7208960,112,2,0.7750925421714783
7274496,113,2,0.7779546976089478
7340032,114,2,0.7781142592430115
7405568,115,2,0.7820508480072021
7471104,116,2,0.7901079654693604
7536640,117,2,0.7749955654144287
7602176,118,2,0.7600435614585876
7667712,119,2,0.7735241651535034
7733248,120,2,0.7659526467323303
7798784,121,2,0.7745584845542908
7864320,122,2,0.7703484296798706
7929856,123,2,0.7846550941467285
7995392,124,2,0.8158788681030273
8060928,125,2,0.8580711483955383
8126464,126,2,0.874097466468811
8192000,127,2,0.8787122368812561
8257536,128,2,0.8881875872612
8323072,129,2,0.8928521275520325
8388608,130,2,0.8823803067207336
8454144,131,2,0.8949117660522461
8519680,132,2,0.8938542604446411
8585216,133,2,0.896964430809021
8650752,134,2,0.8823472261428833
8716288,135,2,0.9368284344673156
8781824,136,2,0.9260666966438292
8847360,137,2,0.921112596988678
8912896,138,2,0.844964325428009
8978432,139,2,0.8276240229606628
9043968,140,2,0.8862332701683044
9109504,141,2,0.9113044142723083
9175040,142,2,0.9183950424194336
9240576,143,2,0.9079947471618652
9306112,144,2,0.9009734392166138
9371648,145,2,0.8820893168449402
9437184,146,2,0.9087473154067992
9502720,147,2,0.8972771167755127
9568256,148,2,0.92055344581604
9633792,149,2,0.9121554493904114
9699328,150,2,0.9364388585090636
9764864,151,2,0.9261246919631958
9830400,152,2,0.9332028031349182
9895936,153,2,0.9265576004981996
9961472,154,2,0.9216400384902954
10027008,155,2,0.9250127673149108
10092544,156,2,0.925636887550354
10158080,157,2,0.9080284237861632
10223616,158,2,0.91432785987854
10289152,159,2,0.9284027814865112
10354688,160,2,0.9165998101234436
10420224,161,2,0.9197015762329102
10485760,162,2,0.9362326264381408
10551296,163,2,0.9189930558204652
10616832,164,2,0.7648825645446777
10682368,165,2,0.7233724594116211
10747904,166,2,0.7653967142105103
10813440,167,2,0.7478522062301636
10878976,168,2,0.7565815448760986
10944512,169,2,0.7569032907485962
11010048,170,2,0.7576335072517395
11075584,171,2,0.7578930854797363
11141120,172,2,0.7656224966049194
11206656,173,2,0.7906489968299866
11272192,174,2,0.8516139984130859
11337728,175,2,0.868385374546051
11403264,176,2,0.8698925971984863
11468800,177,2,0.8670428991317749
11534336,178,2,0.8721063137054443
11599872,179,2,0.8672120571136475
11665408,180,2,0.882551372051239
11730944,181,2,0.8861494064331055
11796480,182,2,0.8875812888145447
11862016,183,2,0.874830961227417
11927552,184,2,0.8533937335014343
11993088,185,2,0.8538978099822998
12058624,186,2,0.8809754848480225
12124160,187,2,0.900780439376831
12189696,188,2,0.8950158357620239
12255232,189,2,0.8700314164161682
12320768,190,2,0.8793939352035522
12386304,191,2,0.8841137290000916
12451840,192,2,0.8965797424316406
12517376,193,2,0.897793710231781
12582912,194,2,0.9163657426834106
12648448,195,2,0.910000503063202
12713984,196,2,0.920930027961731
12779520,197,2,0.90478253364563
12845056,199,2,0.9007048606872559
12910592,200,2,0.911157727241516
12976128,201,2,0.8884811401367188
13041664,202,2,0.8970649242401123
13107200,203,2,0.892842173576355
13172736,204,2,0.9226508736610411
13238272,205,2,0.9109225869178772
13303808,206,2,0.9000418186187744
13369344,207,2,0.8730106949806213
13434880,208,2,0.8995382189750671
13500416,209,2,0.907873511314392
13565952,210,2,0.9139358997344972
13631488,211,2,0.9097355604171752
13697024,212,2,0.8739100694656372
13762560,213,2,0.8806614875793457
13828096,214,2,0.904143214225769
13893632,215,2,0.9035939574241638
13959168,216,2,0.9022500514984132
14024704,217,2,0.8929952383041382
14090240,218,2,0.922780692577362
14155776,219,2,0.9206224083900452
14221312,220,2,0.9137915968894958
14286848,221,2,0.9107006788253784
14352384,222,2,0.917954683303833
14417920,223,2,0.9181212782859802
14483456,224,2,0.9254384636878968
14548992,225,2,0.9180659651756288
14614528,226,2,0.9112855195999146
14680064,227,2,0.9310094714164734
14745600,228,2,0.9375788569450378
14811136,229,2,0.9242611527442932
14876672,230,2,0.9395358562469482
14942208,231,2,0.9380012154579164
15007744,232,2,0.9324215650558472
15073280,233,2,0.940181314945221
15138816,234,2,0.9316540956497192
15204352,235,2,0.9294403195381165
15269888,236,2,0.9417248964309692
15335424,237,2,0.9345990419387816
15400960,238,2,0.927044153213501
15466496,239,2,0.9481090307235718
15532032,240,2,0.9383074045181274
15597568,241,2,0.9352223873138428
15663104,242,2,0.9346808791160583
15728640,243,2,0.9358153343200684
15794176,244,2,0.9448217153549194
15859712,245,2,0.9528608322143556
15925248,246,2,0.9530743956565856
15990784,247,2,0.9284340739250184
16056320,248,2,0.9309698939323424
16121856,249,2,0.9297447800636292
16187392,250,2,0.9415112137794496
16252928,251,2,0.9295735359191896
16318464,252,2,0.9211829900741576
16384000,253,2,0.915920913219452
16449536,254,2,0.9385570287704468
16515072,255,2,0.9222542643547058
16580608,256,2,0.9339503049850464
16646144,257,2,0.9391509890556335
16711680,258,2,0.9473270177841188
16777216,259,2,0.9402521848678588
16842752,260,2,0.930742621421814
16908288,261,2,0.9367671012878418
16973824,262,2,0.9392373561859132
17039360,263,2,0.9419859051704408
17104896,264,2,0.9395941495895386
17170432,265,2,0.940585434436798
17235968,266,2,0.9322146773338318
17301504,267,2,0.9353113770484924
17367040,268,2,0.9360843896865844
17432576,269,2,0.9369341135025024
17498112,270,2,0.943093717098236
17563648,271,2,0.925117254257202
17629184,272,2,0.9307625889778136
17694720,273,2,0.9382006525993348
17760256,274,2,0.939074158668518
17825792,275,2,0.93868887424469
17891328,276,2,0.9402546882629396
17956864,277,2,0.9492369294166564
18022400,278,2,0.9460284113883972
18087936,279,2,0.9352834820747375
18153472,280,2,0.9260964393615724
18219008,281,2,0.924183189868927
18284544,282,2,0.940154790878296
18350080,283,2,0.944738745689392
18415616,284,2,0.945038080215454
18481152,285,2,0.941133975982666
18546688,286,2,0.920524835586548
18612224,287,2,0.9368696212768556
18677760,288,2,0.9343417882919312
18743296,289,2,0.9339301586151124
18808832,291,2,0.9364823698997498
18874368,292,2,0.9400060772895812
18939904,293,2,0.9317764043807985
19005440,294,2,0.931426167488098
19070976,295,2,0.9373744130134584
19136512,296,2,0.9371965527534484
19202048,297,2,0.9354300498962402
19267584,298,2,0.952561855316162
19333120,299,2,0.9400832056999208
19398656,300,2,0.9314976334571838
19464192,301,2,0.9223181009292604
19529728,302,2,0.8963745832443237
19595264,303,2,0.9255881905555724
19660800,304,2,0.9274940490722656
19726336,305,2,0.9469680190086364
19791872,306,2,0.9403007626533508
19857408,307,2,0.9577247500419616
19922944,308,2,0.9421907663345336
19988480,309,2,0.9353708624839784
20054016,310,2,0.9387985467910768
20119552,311,2,0.9409206509590148
20185088,312,2,0.933663845062256
20250624,313,2,0.9428924322128296
20316160,314,2,0.9221717715263368
20381696,315,2,0.9273846745491028
20447232,316,2,0.9230624437332152
20512768,317,2,0.9246848225593568
20578304,318,2,0.9312101006507874
20643840,319,2,0.9314852952957152
20709376,320,2,0.924025297164917
20774912,321,2,0.9261538982391356
20840448,322,2,0.9238759875297546
20905984,323,2,0.9295367002487184
20971520,324,2,0.9265305995941162
21037056,325,2,0.9201261401176452
21102592,326,2,0.9259331822395324
21168128,327,2,0.9249609112739564
21233664,328,2,0.9054612517356871
21299200,329,2,0.9263812303543092
21364736,330,2,0.9173729419708252
21430272,331,2,0.9210697412490844
21495808,332,2,0.9090245366096495
21561344,333,2,0.913532018661499
21626880,334,2,0.921484649181366
21692416,335,2,0.9169775247573853
21757952,336,2,0.9402406811714172
21823488,337,2,0.9311860799789428
21889024,338,2,0.921804428100586
21954560,339,2,0.9301289319992064
22020096,340,2,0.922832727432251
22085632,341,2,0.932726800441742
22151168,342,2,0.9052727222442628
22216704,343,2,0.9170417189598083
22282240,344,2,0.908315658569336
22347776,345,2,0.9282799363136292
22413312,346,2,0.9188109636306764
22478848,347,2,0.9411427974700928
22544384,348,2,0.9174391627311708
22609920,349,2,0.9284123182296752
22675456,350,2,0.9302562475204468
22740992,351,2,0.9327645897865297
22806528,352,2,0.9289839267730712
22872064,353,2,0.9365097284317015
22937600,354,2,0.9108810424804688
23003136,355,2,0.9150988459587096
23068672,356,2,0.9250589609146118
23134208,357,2,0.916833519935608
23199744,358,2,0.9074186086654664
23265280,359,2,0.905853271484375
23330816,360,2,0.9080407619476318
23396352,361,2,0.916797697544098
23461888,362,2,0.9246506690979004
23527424,363,2,0.9198227524757384
23592960,364,2,0.9127523899078368
23658496,365,2,0.9157114028930664
23724032,366,2,0.9311311841011048
23789568,367,2,0.927854061126709
23855104,368,2,0.92569100856781
23920640,369,2,0.9303704500198364
23986176,370,2,0.9222479462623596
24051712,371,2,0.930538296699524
24117248,372,2,0.9246333837509156
24182784,373,2,0.9361013174057008
24248320,374,2,0.9338558316230774
24313856,375,2,0.9438806176185608
24379392,376,2,0.9147711992263794
24444928,378,2,0.9331258535385132
24510464,379,2,0.927317202091217
24576000,380,2,0.9414504766464232
24641536,381,2,0.9111716747283936
24707072,382,2,0.9289080500602722
24772608,383,2,0.8903777003288269
24838144,384,2,0.9159550666809082
24903680,385,2,0.9212380051612854
24969216,386,2,0.9258861541748048
25034752,387,2,0.9328701496124268
25100288,388,2,0.9294188618659972
25165824,389,2,0.923984169960022
25231360,390,2,0.9293747544288636
25296896,391,2,0.9244298338890076
25362432,392,2,0.9199764132499696
25427968,393,2,0.9132508039474488
25493504,394,2,0.9241082072257996
25559040,395,2,0.9187642335891724
25624576,396,2,0.9261420369148254
25690112,397,2,0.9263015985488892
25755648,398,2,0.9402936100959778
25821184,399,2,0.9367275238037108
25886720,400,2,0.9118727445602416
25952256,401,2,0.9307386875152588
26017792,402,2,0.9225846529006958
26083328,403,2,0.919874370098114
26148864,404,2,0.9249485731124878
26214400,405,2,0.9281810522079468
26279936,406,2,0.909359872341156
26345472,407,2,0.9308205842971802
26411008,408,2,0.9290252923965454
26476544,409,2,0.9357508420944214
26542080,410,2,0.9418013095855712
26607616,411,2,0.9192643761634828
26673152,412,2,0.9150331616401672
26738688,413,2,0.9260878562927246
26804224,414,2,0.9269036650657654
26869760,415,2,0.926271378993988
26935296,416,2,0.9269341230392456
27000832,417,2,0.9341338872909546
27066368,418,2,0.9134307503700256
27131904,419,2,0.913809299468994
27197440,420,2,0.9303476214408876
27262976,421,2,0.931201994419098
27328512,422,2,0.9373922944068908
27394048,423,2,0.9246765971183776
27459584,424,2,0.9357023239135742
27525120,425,2,0.9310646057128906
27590656,426,2,0.9184200167655944
27656192,427,2,0.930552065372467
27721728,428,2,0.9220370054244996
27787264,429,2,0.9338927268981934
27852800,430,2,0.929352879524231
27918336,431,2,0.9342653751373292
27983872,432,2,0.9331297278404236
28049408,433,2,0.9279524087905884
28114944,434,2,0.941653847694397
28180480,435,2,0.9344543218612672
28246016,436,2,0.9329209327697754
28311552,437,2,0.8173990845680237
28377088,438,2,0.8169599175453186
28442624,439,2,0.7298860549926758
28508160,440,2,0.729979932308197
28573696,441,2,0.7756636142730713
28639232,442,2,0.8358348608016968
28704768,443,2,0.8884173631668091
28770304,444,2,0.9163224697113036
28835840,445,2,0.9114681482315063
28901376,446,2,0.9152889251708984
28966912,447,2,0.9230448603630066
29032448,448,2,0.9343912601470948
29097984,449,2,0.9160662889480592
29163520,450,2,0.9158873558044434
29229056,451,2,0.9085181951522828
29294592,452,2,0.9283053874969482
29360128,453,2,0.932644248008728
29425664,454,2,0.9344123005867004
29491200,455,2,0.9306390285491944
29556736,456,2,0.9181204438209534
29622272,457,2,0.9293985366821288
29687808,458,2,0.9332972168922424
29753344,459,2,0.9237524271011353
29818880,460,2,0.9087927341461182
29884416,461,2,0.9230446815490724
29949952,462,2,0.923614740371704
30015488,463,2,0.939370095729828
30081024,464,2,0.8272878527641296
30146560,465,2,0.896358072757721
30212096,466,2,0.933585524559021
30277632,467,2,0.9392747282981871
30343168,469,2,0.9320791363716124
30408704,470,2,0.9307746291160583
30474240,471,2,0.941697895526886
30539776,472,2,0.9158191084861756
30605312,473,2,0.9199793934822084
30670848,474,2,0.9430437684059144
30736384,475,2,0.9374964833259584
30801920,476,2,0.937657356262207
30867456,477,2,0.9358542561531068
30932992,478,2,0.8339251279830933
30998528,479,2,0.867953896522522
31064064,480,2,0.9092179536819458
31129600,481,2,0.9372286200523376
31195136,482,2,0.9262932538986206
31260672,483,2,0.935100555419922
31326208,484,2,0.9250212907791138
31391744,485,2,0.9367625713348388
31457280,486,2,0.9279287457466124
31522816,487,2,0.9279494285583496
31588352,488,2,0.9388464093208312
31653888,489,2,0.9194797873497008
31719424,490,2,0.939022183418274
31784960,491,2,0.9344978332519532
31850496,492,2,0.9361790418624878
31916032,493,2,0.9222027063369752
31981568,494,2,0.9320103526115416
32047104,495,2,0.9179289937019348
65536,2,1,0.0482576005160808
131072,3,1,0.0624008476734161
196608,4,1,0.071322351694107
262144,5,1,0.0998428612947464
327680,6,1,0.0754235684871673
393216,7,1,0.0793387070298194
458752,8,1,0.0982540398836135
524288,9,1,0.1372140944004058
589824,10,1,0.1293246895074844
655360,11,1,0.1683104336261749
720896,12,1,0.2029642313718795
786432,13,1,0.1918336153030395
851968,14,1,0.1908410489559173
917504,15,1,0.1837065517902374
983040,16,1,0.2106827646493911
1048576,17,1,0.2188587635755539
1114112,18,1,0.2336390763521194
1179648,19,1,0.2403433918952942
1245184,20,1,0.2468917071819305
1310720,21,1,0.2362621426582336
1376256,22,1,0.2464875429868698
1441792,23,1,0.2699377834796905
1507328,24,1,0.2653226554393768
1572864,25,1,0.2671620547771454
1638400,26,1,0.3065469563007355
1703936,27,1,0.2978034019470215
1769472,28,1,0.3073831498622894
1835008,29,1,0.3205286562442779
1900544,30,1,0.3452166616916656
1966080,31,1,0.3317228555679321
2031616,32,1,0.3596757352352142
2097152,33,1,0.3962123394012451
2162688,34,1,0.4413448572158813
2228224,35,1,0.4767301082611084
2293760,36,1,0.4764951765537262
2359296,37,1,0.4975476861000061
2424832,38,1,0.5223941802978516
2490368,39,1,0.5410894751548767
2555904,40,1,0.5848717093467712
2621440,41,1,0.5963317155838013
2686976,42,1,0.5972743034362793
2752512,43,1,0.5957992076873779
2818048,44,1,0.6395514607429504
2883584,45,1,0.6846337914466858
2949120,46,1,0.7111716866493225
3014656,47,1,0.7228763699531555
3080192,48,1,0.7300704121589661
3145728,49,1,0.781032919883728
3211264,50,1,0.7829626798629761
3276800,51,1,0.8098838329315186
3342336,52,1,0.7961709499359131
3407872,53,1,0.8145724534988403
3473408,54,1,0.8358381986618042
3538944,55,1,0.8260530233383179
3604480,56,1,0.8205031752586365
3670016,57,1,0.8155772686004639
3735552,58,1,0.8344646692276001
3801088,59,1,0.8616790771484375
3866624,60,1,0.8282564878463745
3932160,61,1,0.825330376625061
3997696,62,1,0.8316460251808167
4063232,63,1,0.8368300795555115
4128768,64,1,0.8438577651977539
4194304,65,1,0.8420101404190063
4259840,66,1,0.8471287488937378
4325376,67,1,0.8638910055160522
4390912,68,1,0.8246976137161255
4456448,69,1,0.8192408680915833
4521984,70,1,0.8207960724830627
4587520,71,1,0.8045101761817932
4653056,72,1,0.8017169833183289
4718592,73,1,0.8147283792495728
4784128,74,1,0.847968339920044
4849664,75,1,0.833132266998291
4915200,76,1,0.8152494430541992
4980736,77,1,0.8469609022140503
5046272,78,1,0.8365681767463684
5111808,79,1,0.7013189196586609
5177344,80,1,0.6233283877372742
5242880,81,1,0.6445194482803345
5308416,82,1,0.6426093578338623
5373952,83,1,0.6954874992370605
5439488,84,1,0.7050645351409912
5505024,85,1,0.7260347604751587
5570560,86,1,0.7105573415756226
5636096,87,1,0.7415689826011658
5701632,88,1,0.7862120866775513
5767168,89,1,0.8246991038322449
5832704,90,1,0.8333304524421692
5898240,91,1,0.8297677040100098
5963776,92,1,0.8513996601104736
6029312,93,1,0.8691188097000122
6094848,94,1,0.8793803453445435
6160384,95,1,0.851683497428894
6225920,96,1,0.8627681136131287
6291456,97,1,0.8788415193557739
6356992,98,1,0.8617345690727234
6422528,99,1,0.8608556389808655
6488064,100,1,0.8811438679695129
6553600,101,1,0.8678601980209351
6619136,102,1,0.8720839023590088
6684672,103,1,0.8799071907997131
6750208,104,1,0.8822206854820251
6815744,105,1,0.8937776684761047
6881280,107,1,0.8775420784950256
6946816,108,1,0.8890162706375122
7012352,109,1,0.8837790489196777
7077888,110,1,0.8609960079193115
7143424,111,1,0.8656569123268127
7208960,112,1,0.8781853914260864
7274496,113,1,0.8755300045013428
7340032,114,1,0.7515296339988708
7405568,115,1,0.7273975014686584
7471104,116,1,0.7745957970619202
7536640,117,1,0.8224326968193054
7602176,118,1,0.8593253493309021
7667712,119,1,0.890300989151001
7733248,120,1,0.8938460350036621
7798784,121,1,0.87868332862854
7864320,122,1,0.8892313241958618
7929856,123,1,0.8865710496902466
7995392,124,1,0.8812006711959839
8060928,125,1,0.6901126503944397
8126464,126,1,0.6380399465560913
8192000,127,1,0.6722843050956726
8257536,128,1,0.6968274712562561
8323072,129,1,0.7224476933479309
8388608,130,1,0.7264993190765381
8454144,131,1,0.7369446754455566
8519680,132,1,0.7590364217758179
8585216,133,1,0.7652531862258911
8650752,134,1,0.7844743132591248
8716288,135,1,0.7931033372879028
8781824,136,1,0.8076109886169434
8847360,137,1,0.8050644397735596
8912896,138,1,0.8312274217605591
8978432,139,1,0.8296335339546204
9043968,140,1,0.8102688789367676
9109504,141,1,0.8250924944877625
9175040,142,1,0.8126882910728455
9240576,143,1,0.8014790415763855
9306112,144,1,0.8076540231704712
9371648,145,1,0.7993680238723755
9437184,146,1,0.7916628122329712
9502720,147,1,0.8071204423904419
9568256,148,1,0.812877357006073
9633792,149,1,0.7930001020431519
9699328,150,1,0.8038443922996521
9764864,151,1,0.794338047504425
9830400,152,1,0.7903311252593994
9895936,153,1,0.8054513931274414
9961472,154,1,0.8053680658340454
10027008,155,1,0.8075500130653381
10092544,156,1,0.8298192620277405
10158080,157,1,0.8111676573753357
10223616,158,1,0.8184465169906616
10289152,159,1,0.8257347345352173
10354688,160,1,0.8210092186927795
10420224,161,1,0.7952845692634583
10485760,162,1,0.8104922771453857
10551296,163,1,0.8089271783828735
10616832,164,1,0.8104677796363831
10682368,165,1,0.7764512896537781
10747904,166,1,0.8148918747901917
10813440,167,1,0.7924084663391113
10878976,168,1,0.7956337332725525
10944512,169,1,0.8236377835273743
11010048,170,1,0.7625168561935425
11075584,171,1,0.7732560038566589
11141120,172,1,0.8091627955436707
11206656,173,1,0.8081191778182983
11272192,174,1,0.7993493676185608
11337728,175,1,0.7899494171142578
11403264,176,1,0.8202300667762756
11468800,177,1,0.8017136454582214
11534336,178,1,0.8049988150596619
11599872,179,1,0.8164294958114624
11665408,180,1,0.8035097718238831
11730944,181,1,0.7913662195205688
11796480,182,1,0.7924171090126038
11862016,183,1,0.783807635307312
11927552,184,1,0.7660790085792542
11993088,185,1,0.7548283338546753
12058624,186,1,0.7954892516136169
12124160,187,1,0.7986845970153809
12189696,188,1,0.8024957776069641
12255232,189,1,0.8004981279373169
12320768,190,1,0.7743198275566101
12386304,191,1,0.7997845411300659
12451840,192,1,0.7326038479804993
12517376,193,1,0.7874004244804382
12582912,194,1,0.7920243144035339
12648448,195,1,0.78542560338974
12713984,196,1,0.7978037595748901
12779520,197,1,0.8261294364929199
12845056,199,1,0.8133513927459717
12910592,200,1,0.831519603729248
12976128,201,1,0.7839475274085999
13041664,202,1,0.8116666078567505
13107200,203,1,0.7993420958518982
13172736,204,1,0.8176646828651428
13238272,205,1,0.8184361457824707
13303808,206,1,0.7898948192596436
13369344,207,1,0.801238477230072
13434880,208,1,0.8088202476501465
13500416,209,1,0.751552402973175
13565952,210,1,0.7893165349960327
13631488,211,1,0.8180856704711914
13697024,212,1,0.8189776539802551
13762560,213,1,0.8255910873413086
13828096,214,1,0.8085598945617676
13893632,215,1,0.7063482999801636
13959168,216,1,0.646546483039856
14024704,217,1,0.6797930002212524
14090240,218,1,0.6589735150337219
14155776,219,1,0.6605045199394226
14221312,220,1,0.6691502332687378
14286848,221,1,0.6757686138153076
14352384,222,1,0.7172894477844238
14417920,223,1,0.7492888569831848
14483456,224,1,0.7689855694770813
14548992,225,1,0.770276665687561
14614528,226,1,0.784174382686615
14680064,227,1,0.7920686602592468
14745600,228,1,0.7868015170097351
14811136,229,1,0.818091094493866
14876672,230,1,0.7985655069351196
14942208,231,1,0.7652799487113953
15007744,232,1,0.7908369898796082
15073280,233,1,0.8280790448188782
15138816,234,1,0.8113843202590942
15204352,235,1,0.8410290479660034
15269888,236,1,0.848021924495697
15335424,237,1,0.8446534872055054
15400960,238,1,0.8587972521781921
15466496,239,1,0.8663648366928101
15532032,240,1,0.8754959106445312
15597568,241,1,0.8441392779350281
15663104,242,1,0.7784125804901123
15728640,243,1,0.7785930633544922
15794176,244,1,0.8135949969291687
15859712,245,1,0.8032705783843994
15925248,246,1,0.7910081744194031
15990784,247,1,0.8226315975189209
16056320,248,1,0.8238800168037415
16121856,249,1,0.8133136034011841
16187392,250,1,0.8470838665962219
16252928,251,1,0.8496038913726807
16318464,252,1,0.8484367728233337
16384000,253,1,0.8505780100822449
16449536,254,1,0.8535994291305542
16515072,255,1,0.8600406050682068
16580608,256,1,0.8622642755508423
16646144,257,1,0.8728091716766357
16711680,258,1,0.8706438541412354
16777216,259,1,0.8764543533325195
16842752,260,1,0.8569902181625366
16908288,261,1,0.8535404801368713
16973824,262,1,0.8549384474754333
17039360,263,1,0.8484256863594055
17104896,264,1,0.864192545413971
17170432,265,1,0.8933164477348328
17235968,266,1,0.8551119565963745
17301504,267,1,0.8915104866027832
17367040,268,1,0.8845251202583313
17432576,269,1,0.8766469359397888
17498112,270,1,0.8809992074966431
17563648,271,1,0.8641151189804077
17629184,272,1,0.8904683589935303
17694720,273,1,0.8725430369377136
17760256,274,1,0.8453379273414612
17825792,275,1,0.8546018600463867
17891328,276,1,0.8630309104919434
17956864,277,1,0.8752919435501099
18022400,278,1,0.8544059991836548
18087936,279,1,0.8831262588500977
18153472,280,1,0.8864925503730774
18219008,281,1,0.9051080942153932
18284544,282,1,0.894323468208313
18350080,283,1,0.9106121063232422
18415616,284,1,0.906959056854248
18481152,285,1,0.8992567658424377
18546688,286,1,0.9056919813156128
18612224,287,1,0.8914133310317993
18677760,288,1,0.893412172794342
18743296,289,1,0.8923853635787964
18808832,291,1,0.8367253541946411
18874368,292,1,0.8653180003166199
18939904,293,1,0.8843808174133301
19005440,294,1,0.8932498693466187
19070976,295,1,0.8986570239067078
19136512,296,1,0.9046924114227296
19202048,297,1,0.9120995998382568
19267584,298,1,0.9130043387413024
19333120,299,1,0.9001613855361938
19398656,300,1,0.8990886211395264
19464192,301,1,0.9136682748794556
19529728,302,1,0.9052985310554504
19595264,303,1,0.8915444612503052
19660800,304,1,0.9000758528709412
19726336,305,1,0.8900982141494751
19791872,306,1,0.8946961760520935
19857408,307,1,0.9103928804397584
19922944,308,1,0.9052028059959412
19988480,309,1,0.89398592710495
20054016,310,1,0.8890374898910522
20119552,311,1,0.8832433223724365
20185088,312,1,0.9097700715065002
20250624,313,1,0.9060147404670716
20316160,314,1,0.9244438409805298
20381696,315,1,0.9030565619468688
20447232,316,1,0.8957479000091553
20512768,317,1,0.9041555523872375
20578304,318,1,0.9132373332977296
20643840,319,1,0.9107963442802428
20709376,320,1,0.9233572483062744
20774912,321,1,0.9185935258865356
20840448,322,1,0.9093284606933594
20905984,323,1,0.9112613201141356
20971520,324,1,0.8930339813232422
21037056,325,1,0.8943192362785339
21102592,326,1,0.8996617794036865
21168128,327,1,0.919674277305603
21233664,328,1,0.9149747490882874
21299200,329,1,0.9074230790138244
21364736,330,1,0.9177549481391908
21430272,331,1,0.919867753982544
21495808,332,1,0.9019354581832886
21561344,333,1,0.9107806086540222
21626880,334,1,0.9066390991210938
21692416,335,1,0.910557508468628
21757952,336,1,0.90892493724823
21823488,337,1,0.9174612164497375
21889024,338,1,0.9054552316665648
21954560,339,1,0.9081464409828186
22020096,340,1,0.8995211124420166
22085632,341,1,0.8903692960739136
22151168,342,1,0.9024791717529296
22216704,343,1,0.8934610486030579
22282240,344,1,0.876285970211029
22347776,345,1,0.8907657861709595
22413312,346,1,0.9040449857711792
22478848,347,1,0.886893630027771
22544384,348,1,0.8983258605003357
22609920,349,1,0.9050444960594176
22675456,350,1,0.889471709728241
22740992,351,1,0.90564626455307
22806528,352,1,0.9096335172653198
22872064,353,1,0.9124850034713744
22937600,354,1,0.9130288362503052
23003136,355,1,0.8996813297271729
23068672,356,1,0.9017320871353148
23134208,357,1,0.8970935344696045
23199744,358,1,0.9145496487617492
23265280,359,1,0.8822205066680908
23330816,360,1,0.8917210698127747
23396352,361,1,0.9131237864494324
23461888,362,1,0.9055250883102416
23527424,363,1,0.9028382897377014
23592960,364,1,0.8960444927215576
23658496,365,1,0.8923267126083374
23724032,366,1,0.8972277641296387
23789568,367,1,0.9005690813064575
23855104,368,1,0.9001915454864502
23920640,369,1,0.910391330718994
23986176,370,1,0.8997623920440674
24051712,371,1,0.9197611212730408
24117248,372,1,0.9060189723968506
24182784,373,1,0.907795786857605
24248320,374,1,0.8828572034835815
24313856,375,1,0.9036508202552797
24379392,376,1,0.9120410084724426
24444928,378,1,0.8985272645950317
24510464,379,1,0.9091353416442872
24576000,380,1,0.9187753200531006
24641536,381,1,0.8799811601638794
24707072,382,1,0.8869775533676147
24772608,383,1,0.8921078443527222
24838144,384,1,0.893686056137085
24903680,385,1,0.8888946175575256
24969216,386,1,0.8872249722480774
25034752,387,1,0.8915961384773254
25100288,388,1,0.8928935527801514
25165824,389,1,0.889539897441864
25231360,390,1,0.8982564806938171
25296896,391,1,0.8871338963508606
25362432,392,1,0.8950967788696289
25427968,393,1,0.902263879776001
25493504,394,1,0.9044073224067688
25559040,395,1,0.9131377935409546
25624576,396,1,0.9035155773162842
25690112,397,1,0.9056068062782288
25755648,398,1,0.8894190192222595
25821184,399,1,0.9048713445663452
25886720,400,1,0.9038563370704652
25952256,401,1,0.9129676222801208
26017792,402,1,0.8990780115127563
26083328,403,1,0.9004547595977783
26148864,404,1,0.9010488390922546
26214400,405,1,0.9084080457687378
26279936,406,1,0.8907323479652405
26345472,407,1,0.911212682723999
26411008,408,1,0.911612033843994
26476544,409,1,0.9018570780754088
26542080,410,1,0.9054267406463624
26607616,411,1,0.8926037549972534
26673152,412,1,0.8875674605369568
26738688,413,1,0.9187514781951904
26804224,414,1,0.891067624092102
26869760,415,1,0.9043875336647034
26935296,416,1,0.8905032873153687
27000832,417,1,0.9060871601104736
27066368,418,1,0.9245288968086244
27131904,419,1,0.9149408340454102
27197440,420,1,0.9059126377105712
27262976,421,1,0.8806400299072266
27328512,422,1,0.859354555606842
27394048,423,1,0.8947418332099915
27459584,424,1,0.9048497676849364
27525120,425,1,0.9116816520690918
27590656,426,1,0.9298609495162964
27656192,427,1,0.8910085558891296
27721728,428,1,0.9193563461303712
27787264,429,1,0.9258244633674622
27852800,430,1,0.912630259990692
27918336,431,1,0.917104423046112
27983872,432,1,0.908582866191864
28049408,433,1,0.9011818170547484
28114944,434,1,0.9025498032569884
28180480,435,1,0.9000229239463806
28246016,436,1,0.9202001094818116
28311552,437,1,0.9042741060256958
28377088,438,1,0.9166901111602784
28442624,439,1,0.917628288269043
28508160,440,1,0.9110663533210754
28573696,441,1,0.9178965091705322
28639232,442,1,0.9192240238189696
28704768,443,1,0.9192044138908386
28770304,444,1,0.92063570022583
28835840,445,1,0.9098389744758606
28901376,446,1,0.8964918255805969
28966912,447,1,0.9296174645423888
29032448,448,1,0.9244393110275269
29097984,449,1,0.8910502195358276
29163520,450,1,0.8950848579406738
29229056,451,1,0.910168468952179
29294592,452,1,0.9170409440994264
29360128,453,1,0.9066879153251648
29425664,454,1,0.9033116102218628
29491200,455,1,0.9190224409103394
29556736,456,1,0.9060752987861632
29622272,457,1,0.9160102009773254
29687808,458,1,0.910980224609375
29753344,459,1,0.9080345034599304
29818880,460,1,0.9120454788208008
29884416,461,1,0.9046393632888794
29949952,462,1,0.912306547164917
30015488,463,1,0.907721221446991
30081024,464,1,0.9118630290031432
30146560,465,1,0.9127089381217957
30212096,466,1,0.9202017784118652
30277632,467,1,0.920232892036438
30343168,469,1,0.9167929887771606
30408704,470,1,0.9059457778930664
30474240,471,1,0.9162883758544922
30539776,472,1,0.911970555782318
30605312,473,1,0.9161041975021362
30670848,474,1,0.9154685735702516
30736384,475,1,0.9188379049301147
30801920,476,1,0.9179706573486328
30867456,477,1,0.9092051386833192
30932992,478,1,0.913057267665863
30998528,479,1,0.9207483530044556
31064064,480,1,0.9176640510559082
31129600,481,1,0.8982884883880615
31195136,482,1,0.9100400805473328
31260672,483,1,0.8898756504058838
31326208,484,1,0.9095619320869446
31391744,485,1,0.9010383486747742
31457280,486,1,0.9267116785049438
31522816,487,1,0.9210776090621948
31588352,488,1,0.9240435361862184
31653888,489,1,0.9100382328033448
31719424,490,1,0.917120397090912
31784960,491,1,0.9157876968383788
31850496,492,1,0.9189056158065796
31916032,493,1,0.9356670379638672
31981568,494,1,0.9178782105445862
32047104,495,1,0.905767560005188
65536,2,3,0.0380747765302658
131072,3,3,0.0623167306184768
196608,4,3,0.0772117674350738
262144,5,3,0.0924705862998962
327680,6,3,0.0536103062331676
393216,7,3,0.0706040933728218
458752,8,3,0.0891716107726097
524288,9,3,0.1190487667918205
589824,10,3,0.1180389150977134
655360,11,3,0.1331809908151626
720896,12,3,0.174110472202301
786432,13,3,0.1506663858890533
851968,14,3,0.1714739948511123
917504,15,3,0.1916290372610092
983040,16,3,0.2168237715959549
1048576,17,3,0.2256579548120498
1114112,18,3,0.2415745556354522
1179648,19,3,0.248562604188919
1245184,20,3,0.2538865506649017
1310720,21,3,0.2812435328960418
1376256,22,3,0.32955002784729
1441792,23,3,0.3628965020179748
1507328,24,3,0.3875625729560852
1572864,25,3,0.4298655688762665
1638400,26,3,0.4865047335624695
1703936,27,3,0.5327290892601013
1769472,28,3,0.5802161693572998
1835008,29,3,0.6263770461082458
1900544,30,3,0.6799975633621216
1966080,31,3,0.7386898994445801
2031616,32,3,0.795487642288208
2097152,33,3,0.8373861908912659
2162688,34,3,0.861544132232666
2228224,35,3,0.8854433298110962
2293760,36,3,0.8908513188362122
2359296,37,3,0.9130210876464844
2424832,38,3,0.9059868454933168
2490368,39,3,0.9143935441970824
2555904,40,3,0.9195886850357056
2621440,41,3,0.9201809763908386
2686976,42,3,0.9188172221183776
2752512,43,3,0.8991154432296753
2818048,44,3,0.8546333312988281
2883584,45,3,0.8525590896606445
2949120,46,3,0.8702208995819092
3014656,47,3,0.895294725894928
3080192,48,3,0.9046016335487366
3145728,49,3,0.9133062362670898
3211264,50,3,0.9167138338088988
3276800,51,3,0.916666567325592
3342336,52,3,0.9140599370002748
3407872,53,3,0.9215382933616638
3473408,54,3,0.9035654067993164
3538944,55,3,0.925906538963318
3604480,56,3,0.9217429757118224
3670016,57,3,0.9375102519989014
3735552,58,3,0.8235918283462524
3801088,59,3,0.8160478472709656
3866624,60,3,0.8699405193328857
3932160,61,3,0.906524658203125
3997696,62,3,0.9072887301445008
4063232,63,3,0.6794794797897339
4128768,64,3,0.5995563268661499
4194304,65,3,0.5865973830223083
4259840,66,3,0.6108149886131287
4325376,67,3,0.6034333109855652
4390912,68,3,0.5957091450691223
4456448,69,3,0.6418043971061707
4521984,70,3,0.6139986515045166
4587520,71,3,0.6308960914611816
4653056,72,3,0.6368279457092285
4718592,73,3,0.6534555554389954
4784128,74,3,0.6951466798782349
4849664,75,3,0.7445942759513855
4915200,76,3,0.7540408968925476
4980736,77,3,0.767505407333374
5046272,78,3,0.8086708188056946
5111808,79,3,0.8685745596885681
5177344,80,3,0.8625666499137878
5242880,81,3,0.877964973449707
5308416,82,3,0.8639158606529236
5373952,83,3,0.8644170761108398
5439488,84,3,0.8874437808990479
5505024,85,3,0.8830795884132385
5570560,86,3,0.8848074674606323
5636096,87,3,0.8850099444389343
5701632,88,3,0.9032413363456726
5767168,89,3,0.8795744180679321
5832704,90,3,0.8957068920135498
5898240,91,3,0.8986867666244507
5963776,92,3,0.8644988536834717
6029312,93,3,0.8962843418121338
6094848,94,3,0.8845541477203369
6160384,95,3,0.8935919404029846
6225920,96,3,0.90674090385437
6291456,97,3,0.9062305688858032
6356992,98,3,0.9050463438034058
6422528,99,3,0.8976395726203918
6488064,100,3,0.8917105197906494
6553600,101,3,0.9142245650291444
6619136,102,3,0.9020376205444336
6684672,103,3,0.900794804096222
6750208,104,3,0.8847005367279053
6815744,105,3,0.8953249454498291
6881280,107,3,0.891033411026001
6946816,108,3,0.8966869711875916
7012352,109,3,0.9118134379386902
7077888,110,3,0.9156523942947388
7143424,111,3,0.9103674292564392
7208960,112,3,0.9256598949432372
7274496,113,3,0.9272260665893556
7340032,114,3,0.9452922344207764
7405568,115,3,0.9309335947036744
7471104,116,3,0.9462460279464722
7536640,117,3,0.937920093536377
7602176,118,3,0.938564121723175
7667712,119,3,0.9494686126708984
7733248,120,3,0.9424278140068054
7798784,121,3,0.9488029479980468
7864320,122,3,0.9343367218971252
7929856,123,3,0.924071490764618
7995392,124,3,0.9312583208084106
8060928,125,3,0.9441699385643004
8126464,126,3,0.9457219243049622
8192000,127,3,0.941154420375824
8257536,128,3,0.931534707546234
8323072,129,3,0.937191903591156
8388608,130,3,0.9559656381607056
8454144,131,3,0.9436042308807372
8519680,132,3,0.9544654488563538
8585216,133,3,0.9422764778137208
8650752,134,3,0.9436101913452148
8716288,135,3,0.956909954547882
8781824,136,3,0.9446426630020142
8847360,137,3,0.95353502035141
8912896,138,3,0.9383879899978638
8978432,139,3,0.9350131154060364
9043968,140,3,0.9421014189720154
9109504,141,3,0.676395833492279
9175040,142,3,0.5456944704055786
9240576,143,3,0.6442389488220215
9306112,144,3,0.7237187623977661
9371648,145,3,0.7791833877563477
9437184,146,3,0.8578576445579529
9502720,147,3,0.910770297050476
9568256,148,3,0.9247228503227234
9633792,149,3,0.9336637258529664
9699328,150,3,0.9282726645469666
9764864,151,3,0.9392791390419006
9830400,152,3,0.9359734654426576
9895936,153,3,0.9414836764335632
9961472,154,3,0.962866187095642
10027008,155,3,0.9536437392234802
10092544,156,3,0.9495793581008912
10158080,157,3,0.9426124691963196
10223616,158,3,0.9569031596183776
10289152,159,3,0.9526814818382264
10354688,160,3,0.9533879160881042
10420224,161,3,0.9531529545783995
10485760,162,3,0.7048588395118713
10551296,163,3,0.6796398162841797
10616832,164,3,0.7561468482017517
10682368,165,3,0.8197784423828125
10747904,166,3,0.8642014861106873
10813440,167,3,0.9004106521606445
10878976,168,3,0.9219099283218384
10944512,169,3,0.929157257080078
11010048,170,3,0.9197025299072266
11075584,171,3,0.9399192333221436
11141120,172,3,0.93757426738739
11206656,173,3,0.9329159259796144
11272192,174,3,0.9116728901863098
11337728,175,3,0.9368159174919128
11403264,176,3,0.9390887022018432
11468800,177,3,0.930779218673706
11534336,178,3,0.9303559064865112
11599872,179,3,0.9270800352096558
11665408,180,3,0.9318631887435912
11730944,181,3,0.93975168466568
11796480,182,3,0.9301648139953612
11862016,183,3,0.9400498867034912
11927552,184,3,0.9262526035308838
11993088,185,3,0.9402976632118224
12058624,186,3,0.9327344298362732
12124160,187,3,0.9273324012756348
12189696,188,3,0.9201433658599854
12255232,189,3,0.9209608435630798
12320768,190,3,0.9232218265533448
12386304,191,3,0.9362137317657472
12451840,192,3,0.9333410263061525
12517376,193,3,0.9467365741729736
12582912,194,3,0.9398868680000304
12648448,195,3,0.941224217414856
12713984,196,3,0.9397537112236024
12779520,197,3,0.9419766664505004
12845056,199,3,0.9404102563858032
12910592,200,3,0.9135287404060364
12976128,201,3,0.890426516532898
13041664,202,3,0.9034563899040222
13107200,203,3,0.915363907814026
13172736,204,3,0.92521333694458
13238272,205,3,0.903122901916504
13303808,206,3,0.928095817565918
13369344,207,3,0.9212272763252258
13434880,208,3,0.9376437664031982
13500416,209,3,0.91047203540802
13565952,210,3,0.9132802486419678
13631488,211,3,0.921318531036377
13697024,212,3,0.9285449385643004
13762560,213,3,0.9158147573471068
13828096,214,3,0.933115780353546
13893632,215,3,0.9181379079818726
13959168,216,3,0.9195981621742249
14024704,217,3,0.9282687902450562
14090240,218,3,0.9321839809417723
14155776,219,3,0.9240642786026
14221312,220,3,0.9308362007141112
14286848,221,3,0.9225195050239564
14352384,222,3,0.9432271718978882
14417920,223,3,0.922015368938446
14483456,224,3,0.925790309906006
14548992,225,3,0.9288148283958436
14614528,226,3,0.9383071064949036
14680064,227,3,0.9182177186012268
14745600,228,3,0.9260621070861816
14811136,229,3,0.9104912281036376
14876672,230,3,0.9163975715637208
14942208,231,3,0.9235956072807312
15007744,232,3,0.9206666350364684
15073280,233,3,0.926821231842041
15138816,234,3,0.9182115793228148
15204352,235,3,0.918212115764618
15269888,236,3,0.928924560546875
15335424,237,3,0.9285469651222228
15400960,238,3,0.944656491279602
15466496,239,3,0.929494082927704
15532032,240,3,0.8953574895858765
15597568,241,3,0.9303262233734132
15663104,242,3,0.9403287172317504
15728640,243,3,0.9394754767417908
15794176,244,3,0.9240759015083312
15859712,245,3,0.9286807179450988
15925248,246,3,0.9475568532943726
15990784,247,3,0.9349297881126404
16056320,248,3,0.92473042011261
16121856,249,3,0.9249601364135742
16187392,250,3,0.9370447397232056
16252928,251,3,0.9367331266403198
16318464,252,3,0.9318796396255492
16384000,253,3,0.9374249577522278
16449536,254,3,0.9418052434921264
16515072,255,3,0.9454489946365356
16580608,256,3,0.9487667083740234
16646144,257,3,0.9394452571868896
16711680,258,3,0.942087173461914
16777216,259,3,0.9458820223808287
16842752,260,3,0.9380203485488892
16908288,261,3,0.943574607372284
16973824,262,3,0.94951069355011
17039360,263,3,0.950347363948822
17104896,264,3,0.944579780101776
17170432,265,3,0.928626298904419
17235968,266,3,0.9319639205932616
17301504,267,3,0.9274632334709167
17367040,268,3,0.9379053115844728
17432576,269,3,0.9432163238525392
17498112,270,3,0.9423993825912476
17563648,271,3,0.9272791743278505
17629184,272,3,0.9396568536758424
17694720,273,3,0.9323973655700684
17760256,274,3,0.9391601085662842
17825792,275,3,0.9396925568580629
17891328,276,3,0.9444520473480223
17956864,277,3,0.9408407211303712
18022400,278,3,0.93405282497406
18087936,279,3,0.9493480324745178
18153472,280,3,0.9507626295089722
18219008,281,3,0.946153998374939
18284544,282,3,0.9498164653778076
18350080,283,3,0.961042821407318
18415616,284,3,0.9577300548553468
18481152,285,3,0.9512891173362732
18546688,286,3,0.9534763097763062
18612224,287,3,0.9378798007965088
18677760,288,3,0.9583330750465392
18743296,289,3,0.9546907544136048
18808832,291,3,0.9628178477287292
18874368,292,3,0.9546186327934264
18939904,293,3,0.9287285804748536
19005440,294,3,0.9389629364013672
19070976,295,3,0.941149353981018
19136512,296,3,0.9490149617195128
19202048,297,3,0.9414186477661132
19267584,298,3,0.941283106803894
19333120,299,3,0.9430078864097596
19398656,300,3,0.9411604404449464
19464192,301,3,0.933816373348236
19529728,302,3,0.9425294399261476
19595264,303,3,0.9361355304718018
19660800,304,3,0.9479533433914183
19726336,305,3,0.946275234222412
19791872,306,3,0.9352288842201232
19857408,307,3,0.9383440017700196
19922944,308,3,0.9523783922195436
19988480,309,3,0.9478780031204224
20054016,310,3,0.9610044956207277
20119552,311,3,0.9532651901245116
20185088,312,3,0.9447641968727112
20250624,313,3,0.9613355994224548
20316160,314,3,0.9602211713790894
20381696,315,3,0.9591966271400452
20447232,316,3,0.9182177782058716
20512768,317,3,0.9194214344024658
20578304,318,3,0.9348069429397584
20643840,319,3,0.9367514848709106
20709376,320,3,0.9463183283805848
20774912,321,3,0.929275929927826
20840448,322,3,0.9453579187393188
20905984,323,3,0.9211003184318542
20971520,324,3,0.926612913608551
21037056,325,3,0.914467751979828
21102592,326,3,0.9296761751174928
21168128,327,3,0.9071776866912842
21233664,328,3,0.9170365333557128
21299200,329,3,0.931727409362793
21364736,330,3,0.9241096377372742
21430272,331,3,0.9219062924385072
21495808,332,3,0.9303139448165894
21561344,333,3,0.9147766828536988
21626880,334,3,0.935763657093048
21692416,335,3,0.9465035796165466
21757952,336,3,0.9288799166679382
21823488,337,3,0.931881844997406
21889024,338,3,0.9327179789543152
21954560,339,3,0.9296150207519532
22020096,340,3,0.9471084475517272
22085632,341,3,0.9360256791114808
22151168,342,3,0.9607831239700316
22216704,343,3,0.9401938915252686
22282240,344,3,0.9479331970214844
22347776,345,3,0.949844479560852
22413312,346,3,0.9471240639686584
22478848,347,3,0.9554422497749328
22544384,348,3,0.9563183784484864
22609920,349,3,0.965133786201477
22675456,350,3,0.9471081495285034
22740992,351,3,0.955586552619934
22806528,352,3,0.93799090385437
22872064,353,3,0.9402671456336976
22937600,354,3,0.9363365173339844
23003136,355,3,0.935108721256256
23068672,356,3,0.940691351890564
23134208,357,3,0.940022885799408
23199744,358,3,0.9433998465538024
23265280,359,3,0.9486513137817384
23330816,360,3,0.9404943585395812
23396352,361,3,0.9485617280006408
23461888,362,3,0.9416350722312928
23527424,363,3,0.958993673324585
23592960,364,3,0.9598886966705322
23658496,365,3,0.9450456500053406
23724032,366,3,0.9452081322669984
23789568,367,3,0.9519572257995604
23855104,368,3,0.9497477412223816
23920640,369,3,0.9537778496742249
23986176,370,3,0.9410345554351808
24051712,371,3,0.9452823400497437
24117248,372,3,0.9430856704711914
24182784,373,3,0.9469114542007446
24248320,374,3,0.9390671849250792
24313856,375,3,0.921026051044464
24379392,376,3,0.9318601489067078
24444928,378,3,0.9214694499969482
24510464,379,3,0.927748203277588
24576000,380,3,0.9344913959503174
24641536,381,3,0.952012538909912
24707072,382,3,0.9458848237991332
24772608,383,3,0.9443975687026978
24838144,384,3,0.9574065804481506
24903680,385,3,0.9461745619773864
24969216,386,3,0.954959750175476
25034752,387,3,0.9400194883346558
25100288,388,3,0.941292643547058
25165824,389,3,0.949500322341919
25231360,390,3,0.9429329633712769
25296896,391,3,0.9480538964271544
25362432,392,3,0.93665874004364
25427968,393,3,0.9695448875427246
25493504,394,3,0.9406980276107788
25559040,395,3,0.9434243440628052
25624576,396,3,0.9477240443229676
25690112,397,3,0.9552099704742432
25755648,398,3,0.9493680596351624
25821184,399,3,0.9583041071891784
25886720,400,3,0.938426911830902
25952256,401,3,0.934897243976593
26017792,402,3,0.9332610368728638
26083328,403,3,0.9347382187843324
26148864,404,3,0.9402447938919068
26214400,405,3,0.9520093202590942
26279936,406,3,0.9531875252723694
26345472,407,3,0.9450544118881226
26411008,408,3,0.9363028407096864
26476544,409,3,0.947827935218811
26542080,410,3,0.9431890845298768
26607616,411,3,0.9476650953292848
26673152,412,3,0.9550412893295288
26738688,413,3,0.9540590643882751
26804224,414,3,0.9532761573791504
26869760,415,3,0.9539079666137696
26935296,416,3,0.948714792728424
27000832,417,3,0.9483833909034728
27066368,418,3,0.94588041305542
27131904,419,3,0.9526503682136536
27197440,420,3,0.9532334804534912
27262976,421,3,0.9607464671134948
27328512,422,3,0.959811270236969
27394048,423,3,0.9493712782859802
27459584,424,3,0.9562492966651917
27525120,425,3,0.9465014934539796
27590656,426,3,0.9436855912208556
27656192,427,3,0.7618575692176819
27721728,428,3,0.6651510000228882
27787264,429,3,0.6381732225418091
27852800,430,3,0.6523504853248596
27918336,431,3,0.6609733700752258
27983872,432,3,0.6652645468711853
28049408,433,3,0.7008314728736877
28114944,434,3,0.7502119541168213
28180480,435,3,0.7854147553443909
28246016,436,3,0.8722398281097412
28311552,437,3,0.9268152713775636
28377088,438,3,0.9596903920173644
28442624,439,3,0.954301118850708
28508160,440,3,0.955072283744812
28573696,441,3,0.956171452999115
28639232,442,3,0.9541119933128356
28704768,443,3,0.9634965062141418
28770304,444,3,0.9587118625640868
28835840,445,3,0.9602025151252748
28901376,446,3,0.9496962428092957
28966912,447,3,0.965631067752838
29032448,448,3,0.9630248546600342
29097984,449,3,0.9608280658721924
29163520,450,3,0.9591097831726074
29229056,451,3,0.9655362367630004
29294592,452,3,0.9599619507789612
29360128,453,3,0.9752016067504884
29425664,454,3,0.9716454148292542
29491200,455,3,0.9646347165107728
29556736,456,3,0.960070788860321
29622272,457,3,0.9672830700874328
29687808,458,3,0.9574785232543944
29753344,459,3,0.9569152593612672
29818880,460,3,0.9587756395339966
29884416,461,3,0.9679256081581116
29949952,462,3,0.9685409665107728
30015488,463,3,0.9589452743530272
30081024,464,3,0.9663784503936768
30146560,465,3,0.9670293927192688
30212096,466,3,0.9681571125984192
30277632,467,3,0.965472400188446
30343168,469,3,0.9619415998458862
30408704,470,3,0.9719428420066832
30474240,471,3,0.9602117538452148
30539776,472,3,0.9553557634353638
30605312,473,3,0.9680380821228028
30670848,474,3,0.962235391139984
30736384,475,3,0.9617727398872375
30801920,476,3,0.9539684653282166
30867456,477,3,0.9625475406646729
30932992,478,3,0.9691750407218932
30998528,479,3,0.9663950204849244
31064064,480,3,0.9625023603439332
31129600,481,3,0.9615485668182372
31195136,482,3,0.9668909907341005
31260672,483,3,0.9660526514053344
31326208,484,3,0.9699580669403076
31391744,485,3,0.872093141078949
31457280,486,3,0.8184016942977905
31522816,487,3,0.8196675777435303
31588352,488,3,0.7904595136642456
31653888,489,3,0.7959550619125366
31719424,490,3,0.8069972395896912
31784960,491,3,0.8187622427940369
31850496,492,3,0.8298110961914062
31916032,493,3,0.8454208970069885
31981568,494,3,0.8414922952651978
32047104,495,3,0.8515024185180664
65536,2,4,0.0603828355669975
131072,3,4,0.0760828927159309
196608,4,4,0.0787047371268272
262144,5,4,0.0983565598726272
327680,6,4,0.068508468568325
393216,7,4,0.0606098175048828
458752,8,4,0.0653238743543624
524288,9,4,0.0971493273973465
589824,10,4,0.0936580970883369
655360,11,4,0.1152592673897743
720896,12,4,0.1382369846105575
786432,13,4,0.1340481340885162
851968,14,4,0.1571226269006729
917504,15,4,0.1653352230787277
983040,16,4,0.2115159481763839
1048576,17,4,0.2030094712972641
1114112,18,4,0.217266172170639
1179648,19,4,0.2454288750886917
1245184,20,4,0.2313970327377319
1310720,21,4,0.2479659020900726
1376256,22,4,0.2377254217863083
1441792,23,4,0.2524569630622864
1507328,24,4,0.2652627527713775
1572864,25,4,0.2433405965566635
1638400,26,4,0.2734327912330627
1703936,27,4,0.2728634774684906
1769472,28,4,0.2683891952037811
1835008,29,4,0.2739560604095459
1900544,30,4,0.307447075843811
1966080,31,4,0.2835520207881927
2031616,32,4,0.3291842043399811
2097152,33,4,0.3623079657554626
2162688,34,4,0.3653814494609833
2228224,35,4,0.4182515144348144
2293760,36,4,0.4582633972167969
2359296,37,4,0.4979229867458343
2424832,38,4,0.53216153383255
2490368,39,4,0.545225203037262
2555904,40,4,0.5856587886810303
2621440,41,4,0.5878804922103882
2686976,42,4,0.6249420642852783
2752512,43,4,0.6505422592163086
2818048,44,4,0.6614510416984558
2883584,45,4,0.6801726222038269
2949120,46,4,0.7007818818092346
3014656,47,4,0.7367947697639465
3080192,48,4,0.7524371147155762
3145728,49,4,0.7593218088150024
3211264,50,4,0.7884398698806763
3276800,51,4,0.793093740940094
3342336,52,4,0.7877546548843384
3407872,53,4,0.8129562735557556
3473408,54,4,0.8170515298843384
3538944,55,4,0.8480880856513977
3604480,56,4,0.858467698097229
3670016,57,4,0.8501504063606262
3735552,58,4,0.8589261770248413
3801088,59,4,0.8825998306274414
3866624,60,4,0.8752635717391968
3932160,61,4,0.8685321807861328
3997696,62,4,0.8836852312088013
4063232,63,4,0.8821457028388977
4128768,64,4,0.8930922150611877
4194304,65,4,0.8871657848358154
4259840,66,4,0.8925575017929077
4325376,67,4,0.8958185911178589
4390912,68,4,0.9078636765480042
4456448,69,4,0.904827892780304
4521984,70,4,0.9068833589553832
4587520,71,4,0.8900344967842102
4653056,72,4,0.9068604111671448
4718592,73,4,0.8950024843215942
4784128,74,4,0.9000829458236694
4849664,75,4,0.907657504081726
4915200,76,4,0.8814283013343811
4980736,77,4,0.8935123682022095
5046272,78,4,0.90252286195755
5111808,79,4,0.8929586410522461
5177344,80,4,0.9198803305625916
5242880,81,4,0.9020798802375792
5308416,82,4,0.9038669466972352
5373952,83,4,0.9088234901428224
5439488,84,4,0.9013338088989258
5505024,85,4,0.9077819585800172
5570560,86,4,0.7201796770095825
5636096,87,4,0.610677182674408
5701632,88,4,0.6617581844329834
5767168,89,4,0.6975759863853455
5832704,90,4,0.7333522439002991
5898240,91,4,0.7801851630210876
5963776,92,4,0.8047935962677002
6029312,93,4,0.8262506723403931
6094848,94,4,0.873194694519043
6160384,95,4,0.8837888836860657
6225920,96,4,0.9080965518951416
6291456,97,4,0.9142894744873048
6356992,98,4,0.925094723701477
6422528,99,4,0.9258707761764526
6488064,100,4,0.9259343147277832
6553600,101,4,0.9278711676597596
6619136,102,4,0.9180284738540648
6684672,103,4,0.9156890511512756
6750208,104,4,0.9400769472122192
6815744,105,4,0.9117059707641602
6881280,107,4,0.908200740814209
6946816,108,4,0.9121457934379578
7012352,109,4,0.9179288744926452
7077888,110,4,0.7592321634292603
7143424,111,4,0.7812128067016602
7208960,112,4,0.8507550954818726
7274496,113,4,0.8874955177307129
7340032,114,4,0.9114007949829102
7405568,115,4,0.9297824501991272
7471104,116,4,0.9414244890213012
7536640,117,4,0.9378455281257628
7602176,118,4,0.943990170955658
7667712,119,4,0.9258739948272704
7733248,120,4,0.9031174182891846
7798784,121,4,0.9012593626976012
7864320,122,4,0.9190753698349
7929856,123,4,0.9289833903312684
7995392,124,4,0.940911829471588
8060928,125,4,0.9355013370513916
8126464,126,4,0.9315944910049438
8192000,127,4,0.9382593631744384
8257536,128,4,0.9306796789169312
8323072,129,4,0.9404632449150084
8388608,130,4,0.913891077041626
8454144,131,4,0.9383405447006226
8519680,132,4,0.922329306602478
8585216,133,4,0.9554499387741088
8650752,134,4,0.9383123517036438
8716288,135,4,0.9353120923042296
8781824,136,4,0.9285247921943665
8847360,137,4,0.9302027821540833
8912896,138,4,0.9436490535736084
8978432,139,4,0.9410076141357422
9043968,140,4,0.941082000732422
9109504,141,4,0.9285369515419006
9175040,142,4,0.9379330277442932
9240576,143,4,0.9435439109802246
9306112,144,4,0.9446450471878052
9371648,145,4,0.93583881855011
9437184,146,4,0.737022876739502
9502720,147,4,0.567275881767273
9568256,148,4,0.6583130359649658
9633792,149,4,0.7137308120727539
9699328,150,4,0.7358382344245911
9764864,151,4,0.7960562109947205
9830400,152,4,0.9056934118270874
9895936,153,4,0.9286283254623412
9961472,154,4,0.9454516172409058
10027008,155,4,0.941848874092102
10092544,156,4,0.9425902366638184
10158080,157,4,0.9481701254844666
10223616,158,4,0.9416420459747314
10289152,159,4,0.9418447017669678
10354688,160,4,0.9406921863555908
10420224,161,4,0.9377225637435912
10485760,162,4,0.9092984199523926
10551296,163,4,0.9075211882591248
10616832,164,4,0.9251086115837096
10682368,165,4,0.9347206950187684
10747904,166,4,0.9224391579627992
10813440,167,4,0.9447066187858582
10878976,168,4,0.9479162693023682
10944512,169,4,0.9421619176864624
11010048,170,4,0.9565285444259644
11075584,171,4,0.933251976966858
11141120,172,4,0.9424592852592468
11206656,173,4,0.9417585730552672
11272192,174,4,0.9331350922584534
11337728,175,4,0.9197049736976624
11403264,176,4,0.9382888674736024
11468800,177,4,0.9427030086517334
11534336,178,4,0.9142816066741944
11599872,179,4,0.9171479940414428
11665408,180,4,0.924536108970642
11730944,181,4,0.9311582446098328
11796480,182,4,0.9244885444641112
11862016,183,4,0.9380274415016174
11927552,184,4,0.9418990612030028
11993088,185,4,0.9347726106643676
12058624,186,4,0.9456844329833984
12124160,187,4,0.9437938928604126
12189696,188,4,0.9609194993972778
12255232,189,4,0.9511684775352478
12320768,190,4,0.9465084671974182
12386304,191,4,0.9364889860153198
12451840,192,4,0.9519765973091124
12517376,193,4,0.9391833543777466
12582912,194,4,0.944990336894989
12648448,195,4,0.9519174098968506
12713984,196,4,0.9392802715301514
12779520,197,4,0.94023460149765
12845056,199,4,0.955586075782776
12910592,200,4,0.9641785621643066
12976128,201,4,0.9520270824432372
13041664,202,4,0.9572087526321412
13107200,203,4,0.9584748148918152
13172736,204,4,0.9529479146003724
13238272,205,4,0.9503332376480104
13303808,206,4,0.949367880821228
13369344,207,4,0.937205731868744
13434880,208,4,0.9526040554046632
13500416,209,4,0.8349147439002991
13565952,210,4,0.7719079852104187
13631488,211,4,0.7934171557426453
13697024,212,4,0.8112962245941162
13762560,213,4,0.8138920664787292
13828096,214,4,0.8043863773345947
13893632,215,4,0.7879727482795715
13959168,216,4,0.820922315120697
14024704,217,4,0.8172807097434998
14090240,218,4,0.8587573170661926
14155776,219,4,0.8825448155403137
14221312,220,4,0.8991358280181885
14286848,221,4,0.9313207864761353
14352384,222,4,0.93382465839386
14417920,223,4,0.93913596868515
14483456,224,4,0.9309895038604736
14548992,225,4,0.9375900626182556
14614528,226,4,0.9436662197113036
14680064,227,4,0.9393619298934937
14745600,228,4,0.941005527973175
14811136,229,4,0.9407098293304444
14876672,230,4,0.9532044529914856
14942208,231,4,0.9562863111495972
15007744,232,4,0.9532235264778136
15073280,233,4,0.9522716999053956
15138816,234,4,0.9532290697097778
15204352,235,4,0.9555365443229676
15269888,236,4,0.9473244547843932
15335424,237,4,0.9438742399215698
15400960,238,4,0.9580255150794984
15466496,239,4,0.9608365297317504
15532032,240,4,0.9580578804016112
15597568,241,4,0.9572247266769408
15663104,242,4,0.962531805038452
15728640,243,4,0.9332512617111206
15794176,244,4,0.9353145360946656
15859712,245,4,0.964318573474884
15925248,246,4,0.9392233490943908
15990784,247,4,0.9521269798278807
16056320,248,4,0.9486813545227052
16121856,249,4,0.9539164304733276
16187392,250,4,0.944827675819397
16252928,251,4,0.94174724817276
16318464,252,4,0.9566289782524108
16384000,253,4,0.9452138543128968
16449536,254,4,0.952405571937561
16515072,255,4,0.9469539523124696
16580608,256,4,0.7075565457344055
16646144,257,4,0.7130613327026367
16711680,258,4,0.755986213684082
16777216,259,4,0.8756531476974487
16842752,260,4,0.9216339588165284
16908288,261,4,0.9395664930343628
16973824,262,4,0.9296568632125854
17039360,263,4,0.9480273723602296
17104896,264,4,0.94852614402771
17170432,265,4,0.9535452723503112
17235968,266,4,0.9474377632141112
17301504,267,4,0.9339087009429932
17367040,268,4,0.942474126815796
17432576,269,4,0.9454598426818848
17498112,270,4,0.944787323474884
17563648,271,4,0.9522985219955444
17629184,272,4,0.9603607654571532
17694720,273,4,0.9357319474220276
17760256,274,4,0.9526050090789796
17825792,275,4,0.9556028842926024
17891328,276,4,0.9610922932624816
17956864,277,4,0.9462909698486328
18022400,278,4,0.9475351572036744
18087936,279,4,0.9531287550926208
18153472,280,4,0.9473698735237122
18219008,281,4,0.9519638419151306
18284544,282,4,0.9518564343452454
18350080,283,4,0.9537087678909302
18415616,284,4,0.9477149844169616
18481152,285,4,0.9523690938949584
18546688,286,4,0.9672868847846984
18612224,287,4,0.9588319659233092
18677760,288,4,0.9594070911407472
18743296,289,4,0.9443124532699584
18808832,291,4,0.9501357078552246
18874368,292,4,0.9460914134979248
18939904,293,4,0.9650863409042358
19005440,294,4,0.9412848353385924
19070976,295,4,0.932195007801056
19136512,296,4,0.952832043170929
19202048,297,4,0.9410995841026306
19267584,298,4,0.9421637058258056
19333120,299,4,0.9393614530563354
19398656,300,4,0.9551607370376588
19464192,301,4,0.955586075782776
19529728,302,4,0.9397661685943604
19595264,303,4,0.9452067613601683
19660800,304,4,0.9534271359443665
19726336,305,4,0.9445812702178956
19791872,306,4,0.9502403140068054
19857408,307,4,0.9567687511444092
19922944,308,4,0.9527822136878968
19988480,309,4,0.9593234658241272
20054016,310,4,0.962899386882782
20119552,311,4,0.947717308998108
20185088,312,4,0.9582453966140748
20250624,313,4,0.9310892224311828
20316160,314,4,0.9416409730911256
20381696,315,4,0.9350132942199708
20447232,316,4,0.9584835171699524
20512768,317,4,0.9380114674568176
20578304,318,4,0.9365107417106628
20643840,319,4,0.9510122537612916
20709376,320,4,0.9539925456047058
20774912,321,4,0.9354562759399414
20840448,322,4,0.939951717853546
20905984,323,4,0.941137433052063
20971520,324,4,0.9378235936164856
21037056,325,4,0.949257791042328
21102592,326,4,0.9360307455062866
21168128,327,4,0.9458075165748596
21233664,328,4,0.9342762231826782
21299200,329,4,0.950818121433258
21364736,330,4,0.947355568408966
21430272,331,4,0.9427024126052856
21495808,332,4,0.9460493922233582
21561344,333,4,0.939345359802246
21626880,334,4,0.9285081028938292
21692416,335,4,0.9287622570991516
21757952,336,4,0.9444117546081544
21823488,337,4,0.9652915596961976
21889024,338,4,0.9544677734375
21954560,339,4,0.9536404013633728
22020096,340,4,0.9418132305145264
22085632,341,4,0.9528864622116088
22151168,342,4,0.94617760181427
22216704,343,4,0.8761347532272339
22282240,344,4,0.8257066607475281
22347776,345,4,0.8775842785835266
22413312,346,4,0.9243337512016296
22478848,347,4,0.940614938735962
22544384,348,4,0.9246743321418762
22609920,349,4,0.9388853311538696
22675456,350,4,0.9397343397140504
22740992,351,4,0.9381402134895324
22806528,352,4,0.9503756761550904
22872064,353,4,0.937619686126709
22937600,354,4,0.9272868037223816
23003136,355,4,0.9352522492408752
23068672,356,4,0.9316299557685852
23134208,357,4,0.9089761972427368
23199744,358,4,0.9514755606651306
23265280,359,4,0.943493664264679
23330816,360,4,0.938675343990326
23396352,361,4,0.9497630596160888
23461888,362,4,0.9397680163383484
23527424,363,4,0.9252188801765442
23592960,364,4,0.9228264093399048
23658496,365,4,0.947714626789093
23724032,366,4,0.9366893768310548
23789568,367,4,0.936125099658966
23855104,368,4,0.9371006488800048
23920640,369,4,0.9407185316085817
23986176,370,4,0.9473206996917723
24051712,371,4,0.9444241523742676
24117248,372,4,0.7620022296905518
24182784,373,4,0.761918842792511
24248320,374,4,0.7811762690544128
24313856,375,4,0.7872240543365479
24379392,376,4,0.787895679473877
24444928,378,4,0.7910839319229126
24510464,379,4,0.8112449049949646
24576000,380,4,0.86280357837677
24641536,381,4,0.8509714603424072
24707072,382,4,0.875769853591919
24772608,383,4,0.8910002112388611
24838144,384,4,0.8858572244644165
24903680,385,4,0.8794142603874207
24969216,386,4,0.8965044021606445
25034752,387,4,0.8828919529914856
25100288,388,4,0.8926600813865662
25165824,389,4,0.8702489733695984
25231360,390,4,0.8955715298652649
25296896,391,4,0.8960894346237183
25362432,392,4,0.8932962417602539
25427968,393,4,0.8793444037437439
25493504,394,4,0.8869454860687256
25559040,395,4,0.9023252725601196
25624576,396,4,0.8785003423690796
25690112,397,4,0.8794561624526978
25755648,398,4,0.8859151005744934
25821184,399,4,0.8822646141052246
25886720,400,4,0.8817309737205505
25952256,401,4,0.88538658618927
26017792,402,4,0.8838625550270081
26083328,403,4,0.9042548537254332
26148864,404,4,0.8896503448486328
26214400,405,4,0.8951925039291382
26279936,406,4,0.8813218474388123
26345472,407,4,0.8780004978179932
26411008,408,4,0.8986423015594482
26476544,409,4,0.8869864344596863
26542080,410,4,0.8886101245880127
26607616,411,4,0.9048115611076356
26673152,412,4,0.8869593739509583
26738688,413,4,0.8801069855690002
26804224,414,4,0.9154456853866576
26869760,415,4,0.9092296361923218
26935296,416,4,0.901460349559784
27000832,417,4,0.9260473251342772
27066368,418,4,0.9308921098709106
27131904,419,4,0.9198587536811828
27197440,420,4,0.9319028258323668
27262976,421,4,0.9435462951660156
27328512,422,4,0.9259209632873536
27394048,423,4,0.9315401315689088
27459584,424,4,0.9269161820411682
27525120,425,4,0.9310452342033386
27590656,426,4,0.9124438762664796
27656192,427,4,0.9321994185447692
27721728,428,4,0.9171302914619446
27787264,429,4,0.858464777469635
27852800,430,4,0.8143898844718933
27918336,431,4,0.8096489906311035
27983872,432,4,0.8528119325637817
28049408,433,4,0.872561514377594
28114944,434,4,0.8990666270256042
28180480,435,4,0.9115572571754456
28246016,436,4,0.9090884327888488
28311552,437,4,0.9068228006362916
28377088,438,4,0.917111873626709
28442624,439,4,0.9315138459205629
28508160,440,4,0.9217826724052428
28573696,441,4,0.924741268157959
28639232,442,4,0.933031678199768
28704768,443,4,0.9160487651824952
28770304,444,4,0.9374001622200012
28835840,445,4,0.9405776262283324
28901376,446,4,0.924312949180603
28966912,447,4,0.926098644733429
29032448,448,4,0.9308209419250488
29097984,449,4,0.949469804763794
29163520,450,4,0.9365715384483336
29229056,451,4,0.9486259818077089
29294592,452,4,0.942009687423706
29360128,453,4,0.9510143399238586
29425664,454,4,0.9429025053977966
29491200,455,4,0.9429251551628112
29556736,456,4,0.9521020650863647
29622272,457,4,0.9402178525924684
29687808,458,4,0.9460414052009584
29753344,459,4,0.9662294387817384
29818880,460,4,0.9414206743240356
29884416,461,4,0.9357931017875672
29949952,462,4,0.9492861032485962
30015488,463,4,0.9451668858528136
30081024,464,4,0.95087993144989
30146560,465,4,0.9482006430625916
30212096,466,4,0.9448798298835754
30277632,467,4,0.9407259225845336
30343168,469,4,0.9515503644943236
30408704,470,4,0.9484026432037354
30474240,471,4,0.9603942036628724
30539776,472,4,0.9432488679885864
30605312,473,4,0.9425721168518066
30670848,474,4,0.9561650156974792
30736384,475,4,0.950587809085846
30801920,476,4,0.9485846161842346
30867456,477,4,0.9506583213806152
30932992,478,4,0.9336907863616944
30998528,479,4,0.941960871219635
31064064,480,4,0.940862238407135
31129600,481,4,0.9445971846580504
31195136,482,4,0.9283041954040528
31260672,483,4,0.9408887028694152
31326208,484,4,0.941014289855957
31391744,485,4,0.9430285096168518
31457280,486,4,0.9455857276916504
31522816,487,4,0.942376673221588
31588352,488,4,0.9425220489501952
31653888,489,4,0.94171541929245
31719424,490,4,0.9438270330429076
31784960,491,4,0.9508219957351683
31850496,492,4,0.9465972185134888
31916032,493,4,0.9509418606758118
31981568,494,4,0.9372543096542358
32047104,495,4,0.8922477960586548
